id,first_name,last_name,email,gender,ip_address
1,Ram,McSpirron,rmcspirron0@howstuffworks.com,Male,Design Engineer
2,Allissa,,abridgestock1@webmd.com,Genderqueer,Associate Professor
3,Cull,Celle,ccelle2@yahoo.co.jp,Male,Project Manager
4,Cindra,Edison,cedison3@comsenz.com,Female,Chemical Engineer
5,Sharon,Iglesias,siglesias4@elpais.com,Female,Associate Professor
6,Isador,McAllaster,,Male,Associate Professor
7,Margaretha,Hedge,mhedge6@patch.com,Female,
8,Della,Kirwood,dkirwood7@ox.ac.uk,,Senior Cost Accountant
9,Lester,Lelievre,llelievre8@studiopress.com,Male,Assistant Manager
10,Wendeline,Bowdler,wbowdler9@cnn.com,Female,Design Engineer
11,Lorrie,Blackhall,lblackhalla@google.com.hk,Female,Payment Adjustment Coordinator
12,Conney,Vials,cvialsb@oakley.com,Male,Sales Representative
13,Ragnar,Lidgertwood,rlidgertwoodc@opensource.org,Male,
14,Cletis,Wakenshaw,cwakenshawd@cloudflare.com,Male,Payment Adjustment Coordinator
15,Frankie,Cobelli,fcobellie@statcounter.com,Male,Recruiter
16,Cheslie,Curr,ccurrf@sourceforge.net,Female,Sales Representative
17,Courtenay,Walls,cwallsg@zdnet.com,Female,Account Representative III
18,Marlo,,mstanwixh@creativecommons.org,,Design Engineer
19,Bren,Duigan,bduigani@yale.edu,Male,Food Chemist
20,Wright,Hadgkiss,whadgkissj@sakura.ne.jp,Male,Recruiting Manager
21,Emyle,Tomaselli,etomasellik@arizona.edu,Female,Technical Writer
22,Dani,Sandle,,Male,
23,Daffi,O' Donohue,dodonohuem@edublogs.org,Female,Administrative Assistant II
24,Cal,Baile,cbailen@amazonaws.com,Female,Administrative Assistant II
25,Nikoletta,Kitchen,nkitcheno@dot.gov,Female,Senior Financial Analyst
26,Waylen,Dorr,wdorrp@mediafire.com,Male,Quality Control Specialist
27,Petey,Cornelis,pcornelisq@oracle.com,Male,Paralegal
28,,Merwood,hmerwoodr@archive.org,Female,Help Desk Operator
29,Margi,Raphael,mraphaels@pcworld.com,,Sales Representative
30,Tanner,Winton,twintont@eepurl.com,Agender,Graphic Designer
31,Carney,Arro,carrou@xinhuanet.com,Male,
32,Darren,Brotherhed,,Male,Senior Sales Associate
33,Janenna,Martinson,jmartinsonw@cloudflare.com,Female,Junior Executive
34,Ettore,McArte,emcartex@dmoz.org,Male,
35,Dorice,Menlow,dmenlowy@theglobeandmail.com,Female,Design Engineer
36,Alphonso,Barti,,Male,VP Product Management
37,Lannie,Greatbatch,lgreatbatch10@ovh.net,Male,Nurse
,Cherilyn,Gowenlock,cgowenlock11@hp.com,Non-binary,Recruiter
39,Loydie,Causey,lcausey12@addtoany.com,Male,Community Outreach Specialist
40,Helaina,Talby,htalby13@geocities.jp,Female,Editor
41,Corty,Feavers,cfeavers14@foxnews.com,Agender,
42,Albertina,Gosse,,Female,
43,Arny,Forten,aforten16@cdbaby.com,Male,Desktop Support Technician
,Felicio,Krelle,fkrelle17@ox.ac.uk,Male,Accounting Assistant IV
45,Karel,Pepis,kpepis18@cmu.edu,Male,Junior Executive
46,,Morrowe,hmorrowe19@histats.com,Female,
47,Base,Whoston,bwhoston1a@nymag.com,Male,Chief Design Engineer
48,Jeffie,Foston,jfoston1b@ebay.co.uk,Agender,
49,Remington,Morena,,,
50,Fabio,Carney,fcarney1d@goo.ne.jp,Male,Systems Administrator III
,Cornie,Petrakov,,Male,
52,Dael,Ealles,dealles1f@google.co.jp,Male,Database Administrator III
53,Alfie,Leist,aleist1g@hud.gov,Male,Business Systems Development Analyst
54,Bucky,Klyn,bklyn1h@tiny.cc,Male,Geological Engineer
55,Rennie,Enefer,,Female,Nurse
56,Brigit,Heiner,,Female,
57,Rem,Moffatt,rmoffatt1k@1und1.de,Genderqueer,Staff Scientist
58,Rene,Breward,rbreward1l@trellian.com,Male,Technical Writer
,Pippy,Godber,pgodber1m@noaa.gov,Agender,Internal Auditor
60,Prisca,Erskin,perskin1n@umich.edu,Female,Payment Adjustment Coordinator
61,Leif,Mountfort,lmountfort1o@ft.com,Male,Librarian
62,Kristofor,Peachey,kpeachey1p@foxnews.com,Male,VP Marketing
63,Ludovika,Paridge,,Female,Sales Representative
64,Elli,Oleszcuk,eoleszcuk1r@nifty.com,Female,
65,Grethel,Reeder,greeder1s@china.com.cn,,Marketing Assistant
66,Sergent,Joly,sjoly1t@rambler.ru,Male,Database Administrator III
67,Letta,Paris,lparis1u@pagesperso-orange.fr,Female,Computer Systems Analyst II
68,Jocko,Chipps,jchipps1v@behance.net,Male,Sales Associate
69,Saunder,Berridge,sberridge1w@merriam-webster.com,Male,Quality Control Specialist
70,Fulton,Nicklin,fnicklin1x@eventbrite.com,,Financial Advisor
71,Gaylene,Nock,gnock1y@opensource.org,Female,Geological Engineer
72,Hansiain,Rainford,hrainford1z@zdnet.com,Male,Programmer Analyst IV
73,Sammie,Altham,saltham20@ibm.com,Male,
,Vanny,Dumphy,vdumphy21@arstechnica.com,Female,Biostatistician I
75,Jeno,Hellwing,jhellwing22@ucoz.com,Male,
76,Adlai,Guinn,aguinn23@i2i.jp,Male,Geological Engineer
77,Josephina,Petracek,,Female,Quality Control Specialist
78,,Stooders,,Male,Assistant Media Planner
79,Georgeanna,Guidini,gguidini26@youku.com,Female,Database Administrator II
,Chloette,Corney,ccorney27@imageshack.us,Female,Media Manager II
81,Gabby,Lenard,glenard28@themeforest.net,Male,Programmer Analyst III
82,Kerstin,Casley,kcasley29@europa.eu,Female,Nuclear Power Engineer
83,De witt,Castelletti,dcastelletti2a@shinystat.com,Male,Financial Advisor
84,Jodi,Lurriman,jlurriman2b@google.co.uk,Male,
85,Saraann,McAlpine,smcalpine2c@opera.com,Female,Marketing Manager
86,Willey,Newbery,wnewbery2d@skyrock.com,Male,Quality Engineer
87,Dominique,Brimming,dbrimming2e@icq.com,Female,Account Coordinator
88,Othella,Hele,ohele2f@weather.com,Female,Accountant I
89,Vikki,Goodere,,Female,Research Associate
90,Jocelyn,Medgewick,jmedgewick2h@webnode.com,Female,
91,Riordan,Mabon,rmabon2i@g.co,Male,Accountant II
92,Duane,Crowther,dcrowther2j@rakuten.co.jp,Male,Human Resources Manager
93,Tiphany,Emptage,temptage2k@amazon.com,Female,Chemical Engineer
94,Genia,Ornils,gornils2l@cocolog-nifty.com,Female,Programmer Analyst III
95,Ashley,Elkins,aelkins2m@columbia.edu,Male,Analyst Programmer
96,Remy,Cumesky,rcumesky2n@canalblog.com,Female,Web Developer III
97,Margy,Brecher,,,Data Coordinator
98,Dominique,Mollin,dmollin2p@weebly.com,Male,Occupational Therapist
99,Beatriz,Scourge,,Female,VP Sales
100,Hazel,Sacchetti,hsacchetti2r@instagram.com,Male,Operator
101,Margie,Quinton,mquinton2s@last.fm,Female,Human Resources Manager
102,Christalle,Gillogley,cgillogley2t@abc.net.au,Female,Sales Representative
103,Nanny,Canet,ncanet2u@nih.gov,Female,
104,Carlyle,Obell,cobell2v@cdbaby.com,Male,Chief Design Engineer
105,Elfrieda,Klimowicz,,Female,Executive Secretary
106,Nike,Josefsohn,njosefsohn2x@ovh.net,Polygender,Environmental Tech
107,Courtnay,Sharpin,csharpin2y@smh.com.au,Female,Nuclear Power Engineer
108,Donielle,Maidstone,dmaidstone2z@soup.io,Genderfluid,Geological Engineer
109,Mathilde,Whelpdale,mwhelpdale30@umn.edu,Female,Computer Systems Analyst I
110,Ross,Beadon,rbeadon31@marketwatch.com,Male,Director of Sales
111,Salli,Lyven,slyven32@globo.com,Female,Cost Accountant
112,Lanae,Bannard,lbannard33@google.com.br,Bigender,VP Sales
113,Iorgo,Eyer,ieyer34@eventbrite.com,Male,GIS Technical Architect
114,Julieta,Gittose,jgittose35@apple.com,,Junior Executive
115,Paloma,Caldwell,pcaldwell36@instagram.com,Agender,Geological Engineer
116,Celestyn,Gianiello,cgianiello37@mashable.com,Female,Graphic Designer
117,Craggy,Newby,cnewby38@go.com,Male,Senior Developer
118,Corri,Reis,,Female,Senior Financial Analyst
119,Rolland,Savege,,Male,Geologist I
120,Zena,Comettoi,,Female,Internal Auditor
121,Fairleigh,Rowdell,frowdell3c@live.com,Male,Professor
122,Osmond,Lannen,olannen3d@last.fm,Bigender,Information Systems Manager
123,,Patria,,Male,Civil Engineer
124,Izzy,Moyes,imoyes3f@sfgate.com,Male,Senior Cost Accountant
125,Geno,MacAughtrie,,Male,Human Resources Assistant IV
126,Myrvyn,Skilling,mskilling3h@earthlink.net,Male,Project Manager
127,Stacy,Giovannardi,sgiovannardi3i@sciencedaily.com,Female,Media Manager I
128,Jourdan,Cowup,jcowup3j@illinois.edu,Female,Programmer Analyst II
129,Cordey,Sotheron,csotheron3k@infoseek.co.jp,Female,
130,Chalmers,Humpherston,chumpherston3l@gnu.org,Male,Geologist IV
131,Elliot,Totterdell,etotterdell3m@mit.edu,Male,Civil Engineer
132,Kriste,Beig,kbeig3n@sina.com.cn,,Operator
133,Kingsley,Brickwood,kbrickwood3o@nationalgeographic.com,Male,
134,Hurlee,Kettel,,Male,Librarian
,Zorina,Beattie,zbeattie3q@theatlantic.com,Female,General Manager
136,Der,Fourmy,,Male,
137,Shelton,Telfer,stelfer3s@hibu.com,Male,VP Marketing
138,Lois,Osbiston,losbiston3t@globo.com,Female,Legal Assistant
139,Nelie,Headington,nheadington3u@theatlantic.com,Female,Developer II
140,Niki,Camolli,ncamolli3v@parallels.com,Male,
141,Corie,Driver,,,Programmer II
142,Coop,Paxforde,cpaxforde3x@angelfire.com,Male,Administrative Assistant IV
143,Brice,Burghill,bburghill3y@google.com.au,Male,Senior Financial Analyst
,Monah,Gundrey,mgundrey3z@disqus.com,Female,Registered Nurse
,Bella,Maher,bmaher40@example.com,Female,Legal Assistant
146,Kelli,Muckart,kmuckart41@unc.edu,Female,Accounting Assistant III
147,Saunder,Dundon,sdundon42@imageshack.us,Male,Marketing Manager
148,Edna,Scardafield,escardafield43@gov.uk,Female,Speech Pathologist
149,Ardenia,Hurrion,ahurrion44@xrea.com,Female,Business Systems Development Analyst
150,Dolorita,Raff,draff45@nbcnews.com,Female,Research Nurse
151,Marco,Volage,mvolage46@a8.net,,Senior Financial Analyst
152,Ginelle,Di Dello,gdidello47@feedburner.com,Female,Graphic Designer
153,Wells,Faill,wfaill48@hatena.ne.jp,Male,Technical Writer
154,Leroi,Babbe,lbabbe49@ning.com,Male,Environmental Specialist
155,Morrie,Tennick,mtennick4a@fema.gov,Male,Structural Engineer
,Husain,Brash,hbrash4b@phoca.cz,,Pharmacist
157,Pattin,Hawkeridge,phawkeridge4c@redcross.org,Male,Research Associate
158,Robinet,Gabe,rgabe4d@uiuc.edu,Male,Analog Circuit Design manager
159,Nerty,Darth,ndarth4e@vinaora.com,Female,Media Manager I
160,Salem,Rabjohn,srabjohn4f@goo.ne.jp,Male,Associate Professor
161,Nikkie,Fitzsymon,nfitzsymon4g@cdc.gov,Female,Data Coordinator
162,Corrie,Suff,csuff4h@fema.gov,,VP Product Management
163,Anabel,Whitehurst,awhitehurst4i@seesaa.net,Female,Executive Secretary
164,Penny,Carslaw,pcarslaw4j@fastcompany.com,Non-binary,Structural Analysis Engineer
165,Morissa,Cree,mcree4k@nydailynews.com,Female,Biostatistician IV
166,Nell,Dawson,ndawson4l@51.la,Female,Web Developer I
,Cosme,Cersey,ccersey4m@printfriendly.com,Male,Systems Administrator IV
168,Keelby,Francey,kfrancey4n@unesco.org,Male,Database Administrator II
169,Yanaton,Arnoult,yarnoult4o@quantcast.com,Male,Pharmacist
170,Terence,Stebles,tstebles4p@rakuten.co.jp,,
171,Elisa,Grassin,egrassin4q@t.co,Female,Executive Secretary
,Effie,Wardale,ewardale4r@mlb.com,Female,Dental Hygienist
173,Nelli,Sieghard,nsieghard4s@comsenz.com,Female,Geologist IV
174,Jim,Bignold,jbignold4t@twitpic.com,Polygender,Office Assistant III
175,Siffre,Kupker,skupker4u@nps.gov,Male,Research Assistant II
176,Baron,Ruppert,bruppert4v@washingtonpost.com,Polygender,Assistant Media Planner
177,Der,Carles,,Male,Payment Adjustment Coordinator
178,Dun,McAster,dmcaster4x@cocolog-nifty.com,Male,VP Accounting
179,Marigold,Gannaway,mgannaway4y@usa.gov,Female,Database Administrator I
180,Tabby,Dizlie,tdizlie4z@ebay.com,Male,Pharmacist
181,Dorita,Frostick,,Female,Environmental Specialist
182,Rodrigo,Lazonby,rlazonby51@cocolog-nifty.com,Male,Systems Administrator IV
183,Patrizio,Tourville,,Male,Technical Writer
184,Joye,Frankcomb,jfrankcomb53@skyrock.com,Female,VP Product Management
185,Elberta,Detoc,edetoc54@bandcamp.com,Female,Paralegal
,Werner,Falshaw,wfalshaw55@storify.com,Male,Budget/Accounting Analyst IV
187,Lori,Jones,ljones56@geocities.com,Female,Staff Accountant III
188,Lillis,Guitton,lguitton57@tamu.edu,Female,Community Outreach Specialist
189,Tamas,Munford,tmunford58@google.co.jp,Male,Engineer I
190,Cullen,Courtonne,,Male,Senior Financial Analyst
191,Pollyanna,Coulman,pcoulman5a@nytimes.com,Female,Senior Developer
192,Estrellita,Renfield,erenfield5b@foxnews.com,Female,Administrative Officer
193,Chase,Snowling,csnowling5c@huffingtonpost.com,Male,Technical Writer
194,Lenette,Mc Caghan,lmccaghan5d@scientificamerican.com,Female,Information Systems Manager
195,Roseanna,Thurlow,rthurlow5e@pcworld.com,Female,Nurse Practicioner
196,Alphonse,Hounsom,,Male,Executive Secretary
197,Mickey,Taile,mtaile5g@hostgator.com,Male,Editor
198,Milton,Anelay,manelay5h@loc.gov,Male,Clinical Specialist
199,Trixi,Sepey,tsepey5i@hc360.com,Genderfluid,Food Chemist
200,Ingrid,Berry,iberry5j@ft.com,Female,Director of Sales
201,Mariska,Priestman,mpriestman5k@cocolog-nifty.com,Genderqueer,Marketing Manager
,Abdul,Wong,awong5l@ted.com,Non-binary,Technical Writer
203,Anne-corinne,Pettican,apettican5m@zdnet.com,Female,
204,Joycelin,Evitts,jevitts5n@hexun.com,Female,Mechanical Systems Engineer
205,Starr,Bascombe,sbascombe5o@topsy.com,Female,Automation Specialist IV
206,Atlanta,Durbann,,Female,Web Developer III
207,Saxon,Jobin,,,Mechanical Systems Engineer
208,Markus,,mvalenta5r@unesco.org,Male,Recruiter
209,Camilla,Kinsella,ckinsella5s@livejournal.com,Female,Cost Accountant
210,Kaela,Bartlosz,kbartlosz5t@guardian.co.uk,Female,
211,Elsinore,Paladino,epaladino5u@angelfire.com,Female,Compensation Analyst
212,Meggi,Enterlein,menterlein5v@geocities.com,Female,Administrative Assistant IV
213,Jodie,Simionato,jsimionato5w@bloglines.com,Female,Product Engineer
214,Zebulen,Eblein,zeblein5x@sun.com,Genderfluid,VP Quality Control
215,Dara,Fines,dfines5y@godaddy.com,Polygender,Chemical Engineer
216,Teodora,Sparsholt,tsparsholt5z@nba.com,Non-binary,Senior Quality Engineer
217,Lauraine,Weatherup,lweatherup60@domainmarket.com,Female,Human Resources Manager
218,Maximilianus,Montier,mmontier61@ebay.com,Male,Research Assistant II
219,Shelley,Piatkow,spiatkow62@google.nl,Female,Speech Pathologist
220,Merola,Fotherby,mfotherby63@fda.gov,Female,Analyst Programmer
221,Lewiss,Hampshire,lhampshire64@about.me,Male,Registered Nurse
222,Lebbie,Rose,,Female,Senior Editor
223,Vinita,Kasbye,vkasbye66@irs.gov,Female,Software Engineer IV
224,Yorker,Cereceres,ycereceres67@ovh.net,Male,Nurse
225,Nefen,Churchin,nchurchin68@so-net.ne.jp,Male,Account Representative II
226,Margalit,Digby,mdigby69@shutterfly.com,Female,Senior Editor
227,Dahlia,South,dsouth6a@washingtonpost.com,Female,Social Worker
228,Daren,Church,dchurch6b@imdb.com,Male,
,Poul,Brewins,pbrewins6c@psu.edu,Male,
230,Brittany,Pozzi,bpozzi6d@netscape.com,Female,
231,See,Newgrosh,snewgrosh6e@twitter.com,Male,Quality Control Specialist
232,Berty,Suttell,bsuttell6f@amazon.co.uk,Male,Clinical Specialist
,Roselin,Hogsden,rhogsden6g@weebly.com,Female,Electrical Engineer
234,Zsa zsa,Yendall,zyendall6h@tinyurl.com,Female,Social Worker
235,Heinrik,Graben,,,Teacher
236,Kathie,Heindrick,kheindrick6j@privacy.gov.au,,Executive Secretary
237,Michaella,Syncke,,Female,
238,Mattias,Mellhuish,mmellhuish6l@live.com,Male,Web Developer I
,Parnell,Niesel,pniesel6m@theguardian.com,Male,Business Systems Development Analyst
240,Lina,Rao,lrao6n@webs.com,Genderfluid,GIS Technical Architect
241,Blake,Wrintmore,,Female,Data Coordinator
242,Phylys,Pudney,ppudney6p@ftc.gov,Female,Geological Engineer
,Kalindi,Locard,klocard6q@netscape.com,,Financial Advisor
244,Arvin,,acoldbath6r@biblegateway.com,Male,Recruiting Manager
245,Celinka,Fennelow,cfennelow6s@freewebs.com,Female,
246,Salomo,Featherstone,,Male,Environmental Specialist
247,Juline,Whightman,jwhightman6u@slideshare.net,Female,Paralegal
248,Craggy,Govan,cgovan6v@last.fm,,Director of Sales
249,Nappie,Risen,nrisen6w@facebook.com,Male,Food Chemist
250,Jordain,Brackley,,Female,Administrative Assistant II
,Tate,Farriar,tfarriar6y@g.co,Male,
252,Wiley,Tolotti,wtolotti6z@tmall.com,Male,Accountant III
253,Wilt,Orrow,worrow70@indiegogo.com,Male,Librarian
254,Jamaal,Shinner,jshinner71@rakuten.co.jp,,Programmer Analyst IV
255,Ashlin,Hollyman,ahollyman72@smh.com.au,Male,Geological Engineer
256,Darrin,Larder,dlarder73@hao123.com,Agender,Recruiting Manager
257,Enid,Longega,elongega74@newyorker.com,Genderfluid,Marketing Assistant
258,Ferdie,Varndall,fvarndall75@usda.gov,Male,Assistant Manager
259,Gale,Wasiel,,Female,
260,Ilise,Chauvey,ichauvey77@mail.ru,Female,
261,Joy,Simonsson,jsimonsson78@aboutads.info,Female,Clinical Specialist
262,Martyn,Hertwell,,Male,VP Marketing
263,Honoria,Lafee,hlafee7a@hibu.com,Female,Associate Professor
264,Mariette,Dorn,,Female,Recruiting Manager
265,Kirby,Curee,kcuree7c@ycombinator.com,Male,Assistant Manager
266,Marys,Oguz,moguz7d@gizmodo.com,Female,Sales Representative
267,Ingaberg,Stading,istading7e@arizona.edu,Female,Information Systems Manager
268,Randee,Mehew,rmehew7f@seattletimes.com,Female,Help Desk Technician
269,Genovera,Girke,,Female,
270,Scarlet,Boden,sboden7h@example.com,Genderqueer,
271,Deeann,MacDonald,dmacdonald7i@nydailynews.com,Female,Clinical Specialist
272,Teddy,Symondson,,Female,Database Administrator III
273,Kerstin,Odd,kodd7k@blogtalkradio.com,Female,Structural Analysis Engineer
274,Reagen,Wylder,rwylder7l@github.io,Male,
275,Trace,Pinching,tpinching7m@deliciousdays.com,Male,Staff Scientist
276,Delmar,Lidster,dlidster7n@stanford.edu,Male,Research Associate
277,Padriac,Shirrell,pshirrell7o@wp.com,Male,
278,Ber,Tuftin,btuftin7p@salon.com,Male,Senior Developer
279,Wendye,Firsby,wfirsby7q@usatoday.com,Female,General Manager
280,Alard,Bice,abice7r@youtube.com,Male,Senior Financial Analyst
281,Shelli,Wakeley,swakeley7s@goo.ne.jp,Female,Quality Engineer
282,Maggie,Rotchell,mrotchell7t@xinhuanet.com,Female,Web Designer II
283,Laurianne,Cuppitt,lcuppitt7u@over-blog.com,Female,Speech Pathologist
284,Terza,Merida,tmerida7v@sina.com.cn,Female,
285,Leanna,Criag,,,
286,Cristy,Ewings,cewings7x@amazon.co.uk,Female,Chemical Engineer
287,Dale,Livsey,dlivsey7y@icq.com,Male,Electrical Engineer
288,Jemie,Regina,jregina7z@hhs.gov,Female,Software Consultant
289,Bryn,Kop,bkop80@newyorker.com,Male,Software Engineer IV
290,Garreth,Eastup,geastup81@t-online.de,Male,Executive Secretary
291,Gladys,Tibols,gtibols82@hao123.com,Female,Human Resources Manager
292,Sanders,Vigar,svigar83@craigslist.org,Male,Budget/Accounting Analyst II
293,Aluino,Dosedale,adosedale84@qq.com,Male,Teacher
294,Bryana,McGahy,bmcgahy85@ehow.com,Female,Financial Advisor
295,Waldemar,Thirtle,wthirtle86@nasa.gov,Male,
296,Yorgos,Goodwins,ygoodwins87@nsw.gov.au,Male,Programmer Analyst III
297,Nikkie,Bruins,nbruins88@sina.com.cn,Female,Payment Adjustment Coordinator
298,Dulsea,Chadwin,dchadwin89@icio.us,Female,Assistant Media Planner
299,Drucie,Cottom,dcottom8a@ocn.ne.jp,Female,
300,Jade,Critch,jcritch8b@over-blog.com,Female,Mechanical Systems Engineer
301,,Gregorace,jgregorace8c@w3.org,Male,Clinical Specialist
302,Halley,Portail,,Female,Web Designer IV
303,Ephraim,Sone,esone8e@ucla.edu,Male,Web Designer I
304,Giffie,Tidridge,gtidridge8f@moonfruit.com,Male,
305,,Capnerhurst,wcapnerhurst8g@nymag.com,,
306,Derick,Phillput,dphillput8h@stumbleupon.com,Male,Marketing Assistant
307,Casandra,Hunnicutt,chunnicutt8i@wp.com,Non-binary,Engineer I
308,,Tompkin,ntompkin8j@mashable.com,Male,Staff Accountant II
309,Bethany,Burle,bburle8k@mail.ru,Female,Information Systems Manager
310,Rip,Paulsen,rpaulsen8l@yahoo.co.jp,Male,Automation Specialist II
311,Mohandis,Tasch,mtasch8m@pinterest.com,Male,Accountant III
312,Syman,Guidetti,sguidetti8n@yahoo.co.jp,Male,Systems Administrator II
313,Vickie,Scaplehorn,vscaplehorn8o@aol.com,Female,Human Resources Assistant I
,Tallou,Yurkin,tyurkin8p@prweb.com,Female,Biostatistician II
315,Greer,Bortol,gbortol8q@about.com,Female,
316,Tildy,Chatainier,tchatainier8r@miibeian.gov.cn,Female,Community Outreach Specialist
317,Shantee,Nanson,snanson8s@cmu.edu,Female,Research Associate
318,,Kevlin,ikevlin8t@thetimes.co.uk,,Technical Writer
319,Gray,Emerson,gemerson8u@chronoengine.com,Female,Quality Engineer
320,Mano,McCurtain,mmccurtain8v@mail.ru,Male,Staff Scientist
321,Oralee,Bonwell,obonwell8w@joomla.org,Female,Programmer Analyst III
322,Zarla,Garden,zgarden8x@nationalgeographic.com,Female,Professor
323,Melonie,Cheesworth,,Female,Health Coach I
324,Bari,Callar,bcallar8z@technorati.com,Female,Environmental Tech
325,Phillie,Cominello,pcominello90@g.co,Genderfluid,Software Test Engineer II
326,Evangelin,Gostage,egostage91@oracle.com,Female,Data Coordinator
327,Hershel,Fawkes,hfawkes92@xrea.com,Polygender,Civil Engineer
328,Kimmy,Noorwood,knoorwood93@surveymonkey.com,Agender,Professor
329,Robenia,Windress,rwindress94@goo.ne.jp,Female,Media Manager II
330,Luciana,Habbema,lhabbema95@washingtonpost.com,Female,Health Coach II
331,Rosalia,Everley,reverley96@wikispaces.com,Female,Human Resources Manager
332,Teddy,Penner,tpenner97@sourceforge.net,Female,Budget/Accounting Analyst II
333,Bryna,Doel,bdoel98@angelfire.com,Female,Assistant Manager
334,Linoel,Dear,ldear99@china.com.cn,Male,VP Marketing
335,Maurita,Brambill,mbrambill9a@webmd.com,Female,
336,Worthington,Espina,wespina9b@sciencedirect.com,Male,Information Systems Manager
337,Arlana,Leadbetter,aleadbetter9c@aol.com,Female,
338,Fern,Huggins,fhuggins9d@uiuc.edu,Genderfluid,Geologist II
339,Anna-maria,Verbruggen,averbruggen9e@booking.com,Female,
340,Michelle,Hanbury-Brown,mhanburybrown9f@imdb.com,Female,Accounting Assistant I
341,Arabella,Pringour,apringour9g@forbes.com,Agender,Financial Analyst
342,Gayler,Richardeau,grichardeau9h@photobucket.com,Agender,Engineer I
,Hunt,Biernat,hbiernat9i@phoca.cz,Genderfluid,Assistant Manager
344,Merrel,Bostick,mbostick9j@technorati.com,Male,
345,Marni,Olrenshaw,molrenshaw9k@free.fr,Female,
346,Grady,Speeding,,Male,Physical Therapy Assistant
347,Avis,Percifer,,Female,
348,Nicola,Barnham,nbarnham9n@clickbank.net,Agender,Administrative Officer
349,Stu,Byrde,sbyrde9o@wikipedia.org,Male,Office Assistant I
350,Gerrie,Ferronier,,Male,Financial Analyst
351,Misti,Wennam,mwennam9q@earthlink.net,Female,
352,Mersey,Batcheldor,mbatcheldor9r@prweb.com,Female,Chemical Engineer
353,Malvin,Le Surf,mlesurf9s@unicef.org,Male,Recruiting Manager
354,Desi,Ambroziak,dambroziak9t@ft.com,Male,
355,Ardine,Hillaby,,,Director of Sales
356,Neila,Geram,,Female,Environmental Specialist
357,Kacie,Merryweather,kmerryweather9w@moonfruit.com,Female,Safety Technician IV
358,Berte,Bennough,bbennough9x@google.com.br,Female,Research Assistant I
359,Delcina,Onge,donge9y@photobucket.com,Female,Nurse
360,Gustavo,Duckering,,Male,Community Outreach Specialist
361,Ken,Pleven,kplevena0@is.gd,Male,Legal Assistant
362,Homere,Goshawk,hgoshawka1@apache.org,Male,Physical Therapy Assistant
,Maurita,Longmire,mlongmirea2@redcross.org,Female,Account Coordinator
364,Ozzie,Stillgoe,ostillgoea3@webmd.com,Male,GIS Technical Architect
365,Anatollo,Hanse,ahansea4@amazon.de,Male,Nurse
366,Hettie,Langtree,hlangtreea5@telegraph.co.uk,Female,Senior Cost Accountant
367,Arturo,Alexandre,aalexandrea6@t.co,Male,VP Product Management
368,Boothe,Dallimare,bdallimarea7@redcross.org,Male,Payment Adjustment Coordinator
369,Wiley,Pagin,,Male,Systems Administrator III
370,Charissa,Rowswell,crowswella9@miitbeian.gov.cn,Female,Compensation Analyst
371,Blinnie,Elcy,belcyaa@shareasale.com,Female,Senior Financial Analyst
372,Leland,Shouler,lshoulerab@craigslist.org,Male,Sales Associate
373,Hadleigh,Almeida,halmeidaac@dropbox.com,Male,Account Coordinator
374,Kiley,Tregoning,,Female,Pharmacist
375,Elset,Colleran,,Female,Financial Advisor
,Yasmeen,Rozenzweig,yrozenzweigaf@psu.edu,Female,Recruiting Manager
377,Neala,Lomen,nlomenag@theguardian.com,Female,Chemical Engineer
378,Maison,Goodreid,mgoodreidah@storify.com,Male,Data Coordinator
379,Shelly,Tooley,stooleyai@seattletimes.com,,
380,Lenette,Burdis,lburdisaj@pinterest.com,Female,Automation Specialist I
381,Marti,Hagyard,mhagyardak@lulu.com,Female,VP Product Management
382,Manda,Ferrai,mferraial@over-blog.com,Female,Chemical Engineer
383,Torrence,Stanmore,tstanmoream@meetup.com,,
384,Hendrika,Powter,hpowteran@prlog.org,Female,Desktop Support Technician
385,,Bunch,wbunchao@hugedomains.com,Male,
386,Analiese,,achellenhamap@bbb.org,Female,
387,Pennie,Bracchi,pbracchiaq@phoca.cz,Male,VP Product Management
388,Marco,Paraman,mparamanar@indiatimes.com,Male,Senior Developer
389,Netta,Trainor,ntrainoras@sohu.com,Female,Legal Assistant
390,Beryle,Mordaunt,,Female,Quality Engineer
391,Adelaida,,acomfordau@sciencedirect.com,,Accountant IV
392,Peterus,McCleverty,pmcclevertyav@reddit.com,Male,Staff Scientist
393,,,rmussalliaw@bing.com,Polygender,
394,Chrysa,Witt,cwittax@storify.com,Female,Editor
395,Raimundo,Sturman,rsturmanay@amazon.co.jp,Male,Senior Developer
396,Creight,Otto,cottoaz@csmonitor.com,Male,Mechanical Systems Engineer
397,Bran,Scallan,bscallanb0@topsy.com,Male,Staff Accountant II
398,Frazier,Mulholland,fmulhollandb1@businesswire.com,Male,VP Quality Control
399,Colin,Foot,cfootb2@abc.net.au,,Chief Design Engineer
400,Madelena,Huggett,mhuggettb3@blog.com,Female,Web Developer I
401,Shari,Meere,smeereb4@timesonline.co.uk,Female,Quality Engineer
402,Zoe,Setford,zsetfordb5@infoseek.co.jp,Female,Data Coordinator
403,Elinore,Spellsworth,,Female,Assistant Media Planner
404,Jamil,Inglis,jinglisb7@ovh.net,,
405,Cozmo,,chusthwaiteb8@eepurl.com,,Database Administrator IV
406,Jamaal,Gusney,,Male,Senior Quality Engineer
407,Ike,Stratford,istratfordba@deliciousdays.com,Male,Product Engineer
408,Carena,Stockoe,cstockoebb@prlog.org,Female,Research Associate
409,Allys,,asauterbc@ted.com,Female,Quality Control Specialist
410,Cloris,,cchezellebd@jalbum.net,Female,VP Product Management
411,Ki,Londsdale,klondsdalebe@constantcontact.com,Female,Sales Associate
412,Emylee,Chawner,echawnerbf@imageshack.us,Female,Programmer Analyst IV
413,Albie,Rosenblatt,arosenblattbg@dyndns.org,Male,Media Manager III
414,Julina,Humpherson,jhumphersonbh@china.com.cn,Female,Director of Sales
415,Mallory,Crowcroft,mcrowcroftbi@cnn.com,Male,Budget/Accounting Analyst IV
416,Guillema,Mapes,gmapesbj@uiuc.edu,Female,Executive Secretary
417,Kristyn,Gossage,,Female,
418,Seana,Newsome,snewsomebl@cargocollective.com,Female,
419,Rowe,Lucien,rlucienbm@imgur.com,Female,
420,Deedee,Besque,dbesquebn@thetimes.co.uk,Female,
421,Orion,Dalziell,odalziellbo@ocn.ne.jp,,Food Chemist
422,Marlow,Standeven,mstandevenbp@mozilla.org,Male,Information Systems Manager
423,Rodi,Mitskevich,rmitskevichbq@1und1.de,Female,Editor
424,Peggie,Charrisson,,Female,Geological Engineer
425,Rhiamon,Giacoppo,rgiacoppobs@shutterfly.com,Female,Software Engineer IV
426,Ophelie,Tennock,otennockbt@desdev.cn,Genderfluid,Staff Accountant I
427,Wit,Robson,wrobsonbu@ocn.ne.jp,Male,Paralegal
428,Nicolina,Hoult,nhoultbv@cam.ac.uk,Female,Chemical Engineer
429,Tarrah,Huggen,thuggenbw@sina.com.cn,Female,Compensation Analyst
430,Meta,Senecaut,msenecautbx@meetup.com,,Senior Quality Engineer
431,Bethanne,Hapke,bhapkeby@gov.uk,Female,Account Representative IV
432,Ingrid,Le Breton De La Vieuville,ilebretondelavieuvillebz@blogs.com,,Director of Sales
433,Rees,O'Hanley,rohanleyc0@google.co.jp,Male,Marketing Manager
434,Charleen,Buchanan,,Female,Web Developer II
435,Salvidor,Kingcote,,Male,Cost Accountant
436,Marie,Faircloth,,Female,
437,Gayelord,Mawtus,,Male,Editor
438,Wendye,Arber,warberc5@lulu.com,Female,Community Outreach Specialist
439,Teodoro,MacFadzean,tmacfadzeanc6@umn.edu,Male,Geological Engineer
440,Pamelina,Riedel,,Female,Clinical Specialist
441,Sigismundo,Ferreo,sferreoc8@nature.com,Male,Information Systems Manager
442,Brian,Keogh,bkeoghc9@bloomberg.com,,Office Assistant III
443,Northrup,Di Ruggero,ndiruggeroca@naver.com,Male,Financial Analyst
444,Barnie,Ciardo,bciardocb@php.net,Male,Programmer Analyst II
445,Ephraim,Whitley,ewhitleycc@pen.io,Male,Structural Analysis Engineer
446,Mattheus,Couve,mcouvecd@fotki.com,Male,
447,Gray,Warin,gwarince@ibm.com,Female,Nurse
448,Carol,Cattow,ccattowcf@netscape.com,Female,Research Nurse
449,Kylila,Hawtin,khawtincg@economist.com,Female,Occupational Therapist
450,Nita,Pentony,npentonych@theatlantic.com,Female,Assistant Media Planner
451,Julieta,MacGahy,jmacgahyci@google.co.uk,Female,
452,Valene,Ludlam,vludlamcj@cbsnews.com,Female,
453,Audrie,Whear,awhearck@un.org,Female,Marketing Manager
454,Stafford,Crehan,screhancl@prnewswire.com,Male,Sales Associate
455,Maura,Blaschek,mblaschekcm@youku.com,Female,Civil Engineer
456,Albrecht,Coaten,acoatencn@biglobe.ne.jp,Male,Nuclear Power Engineer
457,Angel,Neicho,,Female,Sales Representative
458,Toby,Rollinshaw,,Polygender,Senior Financial Analyst
459,Mechelle,Gaiger,mgaigercq@xinhuanet.com,,Accounting Assistant I
,Denni,Parres,dparrescr@about.me,Female,Geologist I
461,Wynn,Bichener,wbichenercs@histats.com,Male,Internal Auditor
462,Mag,Jenson,mjensonct@nymag.com,Female,Safety Technician IV
463,Ben,Estabrook,bestabrookcu@google.de,Male,Senior Sales Associate
464,Hagen,Popov,hpopovcv@ihg.com,Male,Clinical Specialist
465,Cari,Pedden,cpeddencw@godaddy.com,Female,Mechanical Systems Engineer
466,,Gidman,igidmancx@seesaa.net,,Registered Nurse
467,Elnore,Feore,efeorecy@google.nl,,
468,Maje,Belsham,mbelshamcz@adobe.com,Male,Senior Financial Analyst
469,Daffie,Sedwick,dsedwickd0@pen.io,,Technical Writer
,Muriel,Raynard,mraynardd1@printfriendly.com,Female,Human Resources Assistant I
471,Freeland,MacTeggart,fmacteggartd2@fotki.com,Male,Accountant I
472,Phedra,Colafate,pcolafated3@bandcamp.com,Genderfluid,Automation Specialist IV
473,Gregor,Jubert,gjubertd4@hugedomains.com,Male,Geological Engineer
474,Petunia,O'Sherin,posherind5@springer.com,Genderqueer,
475,Sapphire,Timlin,stimlind6@oracle.com,Genderfluid,Internal Auditor
476,Helyn,Sprackling,hspracklingd7@buzzfeed.com,Female,
,Shelby,Fishlee,sfishleed8@ucoz.ru,Female,Associate Professor
478,Michail,Rilings,mrilingsd9@google.cn,Male,Social Worker
479,Sherwood,Sherburn,ssherburnda@nationalgeographic.com,Male,Associate Professor
480,Nance,Rippin,nrippindb@flickr.com,Female,Project Manager
481,Ange,Janowicz,ajanowiczdc@cargocollective.com,Female,Social Worker
482,Gerty,Ingleson,ginglesondd@howstuffworks.com,Female,Food Chemist
483,Min,Balcombe,mbalcombede@homestead.com,Female,
484,Edna,Thomen,ethomendf@vk.com,Female,GIS Technical Architect
485,Dian,Littell,,Female,Programmer II
486,Ingaborg,Greenshiels,,Female,VP Quality Control
487,Olivero,Blythe,,Male,Geological Engineer
488,Freeland,Devanney,fdevanneydj@state.gov,,Help Desk Technician
489,Ody,Skoof,,Male,Geological Engineer
490,,Shuxsmith,dshuxsmithdl@blinklist.com,Male,
491,Gibbie,Muckeen,gmuckeendm@pagesperso-orange.fr,Male,Office Assistant III
492,Letty,Kindley,lkindleydn@google.nl,Female,Project Manager
493,Saunderson,Fergie,sfergiedo@clickbank.net,Male,Systems Administrator II
494,Nari,Halsey,nhalseydp@prweb.com,Female,Accountant I
495,Charlena,Essery,cesserydq@umich.edu,Female,
496,Innis,Cleeves,icleevesdr@usnews.com,,Marketing Assistant
497,Nikki,Waldram,nwaldramds@disqus.com,Female,Speech Pathologist
498,Maurits,Wordsworth,mwordsworthdt@miitbeian.gov.cn,Male,Clinical Specialist
499,Oswell,Bramwich,obramwichdu@reuters.com,Male,Quality Control Specialist
500,Gay,Coggings,gcoggingsdv@yale.edu,Male,Safety Technician II
501,Ronny,Coumbe,rcoumbedw@usatoday.com,Male,Nurse Practicioner
502,Philly,Feares,pfearesdx@xrea.com,Female,Administrative Assistant I
503,Piper,Elves,pelvesdy@mozilla.org,Female,Research Associate
504,,McLelland,smclellanddz@cdbaby.com,Male,Physical Therapy Assistant
505,Ly,Wyld,lwylde0@typepad.com,Male,
,Tarrah,Ferney,tferneye1@jalbum.net,Female,Software Consultant
,Bob,Smoth,bsmothe2@engadget.com,Male,Biostatistician IV
508,Florinda,Humburton,,Bigender,Actuary
509,Quintus,McCahill,qmccahille4@tinypic.com,Male,Marketing Manager
510,Mohandas,Pendreigh,mpendreighe5@deliciousdays.com,Male,Tax Accountant
511,Shanna,Raiman,sraimane6@yandex.ru,Female,Software Test Engineer III
512,Fawn,McTerlagh,fmcterlaghe7@biblegateway.com,Female,Librarian
513,Woody,Rangle,wranglee8@blogspot.com,Male,Staff Scientist
514,Mommy,Bachs,mbachse9@a8.net,Female,Actuary
515,Audrey,Portwaine,aportwaineea@gizmodo.com,Female,VP Sales
516,Katrina,Syder,,Polygender,
517,Sacha,Spurden,sspurdenec@dailymail.co.uk,Female,Structural Analysis Engineer
518,Addison,Brislan,abrislaned@dot.gov,Male,
519,Loria,Woolford,lwoolfordee@drupal.org,Female,
520,Anjela,Eccersley,aeccersleyef@yahoo.co.jp,Genderfluid,Web Developer II
521,Elvira,Allner,eallnereg@google.com.hk,Female,Budget/Accounting Analyst II
522,Joby,St. Hill,jsthilleh@google.it,Female,Marketing Manager
523,Erick,Sellen,esellenei@1und1.de,Male,Clinical Specialist
524,Delcine,Ofen,,Female,Teacher
525,Zoe,Rettie,,Female,Nurse Practicioner
526,Yevette,Blackall,yblackallel@multiply.com,Female,VP Sales
527,Lise,Ketteman,lkettemanem@hexun.com,Female,GIS Technical Architect
528,Netti,Endacott,,Female,Mechanical Systems Engineer
529,Marjory,Pero,mperoeo@craigslist.org,Female,Paralegal
530,Frank,Winscom,fwinscomep@amazon.de,,Nurse Practicioner
531,,Klasen,wklaseneq@domainmarket.com,Male,Research Nurse
532,Terry,Masey,tmaseyer@arstechnica.com,Female,Project Manager
533,Corney,Maitland,cmaitlandes@gov.uk,Male,Marketing Manager
534,Micheal,Langlais,,Male,Food Chemist
535,Timotheus,Symon,,Male,Structural Engineer
536,Sumner,Bazoge,sbazogeev@boston.com,Male,Project Manager
537,Aubrey,Cansdill,acansdillew@bbc.co.uk,Male,Account Coordinator
538,Nikolos,Crim,ncrimex@house.gov,Non-binary,Software Test Engineer III
539,Rianon,Brownsill,rbrownsilley@hc360.com,Female,Staff Accountant IV
540,Jacquenetta,Wrey,jwreyez@blog.com,Female,Quality Control Specialist
,Poppy,Colquit,pcolquitf0@taobao.com,Female,Engineer III
542,Marthena,Guilaem,mguilaemf1@baidu.com,Female,Structural Engineer
543,Akim,Aimeric,aaimericf2@amazon.de,Male,Project Manager
544,Jonas,Klagge,jklaggef3@hhs.gov,Male,Teacher
545,Conroy,Veck,cveckf4@wiley.com,Male,
546,,Matteau,mmatteauf5@pagesperso-orange.fr,Male,Paralegal
547,Minta,Legges,,Female,Assistant Media Planner
548,Annora,Redfield,aredfieldf7@freewebs.com,Agender,Assistant Media Planner
549,Windham,Duddan,,Male,VP Marketing
550,Roderic,Marshalleck,rmarshalleckf9@cocolog-nifty.com,Male,Technical Writer
551,Tony,Cumbridge,tcumbridgefa@oaic.gov.au,Female,
552,Leonard,Josuweit,,Male,
553,Cosmo,Chicotti,cchicottifc@tamu.edu,Male,Sales Representative
554,Sigismund,Rowberry,srowberryfd@icq.com,Male,Research Assistant IV
555,Lawrence,Manton,lmantonfe@scientificamerican.com,Male,Accounting Assistant II
556,Stillmann,Shewsmith,sshewsmithff@gmpg.org,,Legal Assistant
557,Callida,Pfeffle,cpfefflefg@miibeian.gov.cn,Female,Associate Professor
558,Malinde,Anthiftle,manthiftlefh@eventbrite.com,Female,Data Coordinator
559,Rubi,Stampe,rstampefi@amazon.co.jp,Female,Geologist I
560,Raquela,Beran,rberanfj@usgs.gov,Female,Chief Design Engineer
561,Theodor,Williment,twillimentfk@zimbio.com,Male,Geologist I
562,Lewes,Nelissen,lnelissenfl@ehow.com,,Business Systems Development Analyst
,Theo,Pfaffel,,Male,Staff Accountant IV
564,Mathilda,Royl,,Female,VP Sales
565,Garrick,Cassin,gcassinfo@sogou.com,Male,Analog Circuit Design manager
566,Salomi,Montier,smontierfp@disqus.com,Female,Registered Nurse
567,Shem,Liven,slivenfq@wikispaces.com,Male,Account Representative III
568,Jyoti,Noe,jnoefr@fda.gov,Female,Senior Financial Analyst
,Alyson,Baldrick,abaldrickfs@netlog.com,Female,Computer Systems Analyst I
570,Shandee,Grinishin,sgrinishinft@w3.org,Non-binary,Sales Representative
571,Jo,Fowell,jfowellfu@ebay.com,Male,Nurse
572,Tammie,Moreinu,tmoreinufv@hud.gov,Male,Recruiting Manager
573,Roseanne,Fannin,,Female,Nurse
574,Murdock,Heild,mheildfx@odnoklassniki.ru,Male,Community Outreach Specialist
575,Renelle,Porte,rportefy@adobe.com,Female,Office Assistant I
576,Kaylil,Bullock,kbullockfz@berkeley.edu,Female,Paralegal
577,Korrie,Maling,kmalingg0@weebly.com,Female,Physical Therapy Assistant
578,Burnard,,bbrumheadg1@about.me,Male,Librarian
579,Allie,,arosasg2@irs.gov,Male,Research Nurse
580,Kippy,Yurmanovev,kyurmanovevg3@rediff.com,Female,Executive Secretary
581,Abagael,Uridge,auridgeg4@adobe.com,Female,Nurse Practicioner
582,Yorke,Hatchette,yhatchetteg5@tripod.com,Male,Quality Control Specialist
583,Steve,Foch,,Male,Human Resources Assistant II
584,Jennilee,Ratlee,jratleeg7@slashdot.org,Female,Cost Accountant
585,Rita,Eagling,reaglingg8@about.com,Female,Operator
586,Siffre,Ciani,scianig9@ucsd.edu,Agender,Business Systems Development Analyst
587,Colin,Whate,cwhatega@thetimes.co.uk,Male,Account Representative IV
588,Bonni,Freegard,bfreegardgb@paginegialle.it,Female,Human Resources Assistant IV
589,Ruby,Cuvley,rcuvleygc@archive.org,Male,Occupational Therapist
590,Randene,Reddell,rreddellgd@state.tx.us,Female,Office Assistant II
591,Sascha,MacGilfoyle,smacgilfoylege@dion.ne.jp,Male,Internal Auditor
592,Manon,Grouer,mgrouergf@patch.com,Female,Assistant Professor
593,Eward,MacNalley,,Genderfluid,Senior Sales Associate
594,Morganne,Barzen,mbarzengh@technorati.com,Female,Sales Representative
595,Amandy,Schoular,aschoulargi@apple.com,Female,
596,Kendal,Cluney,kcluneygj@theglobeandmail.com,Male,Assistant Professor
597,Stephenie,Sadat,ssadatgk@mayoclinic.com,Female,
598,Kellyann,MacCracken,,Female,Teacher
599,Clyve,Stockings,cstockingsgm@miitbeian.gov.cn,Male,
600,Jenn,Barling,jbarlinggn@live.com,Female,Teacher
601,Wayland,McManamen,wmcmanamengo@tmall.com,Male,Administrative Assistant IV
602,Filippo,Showering,fshoweringgp@squarespace.com,Male,Environmental Specialist
,Dania,Lincey,,Female,VP Product Management
604,Shell,Monkeman,smonkemangr@sogou.com,,Recruiting Manager
605,Ailey,Heatley,aheatleygs@ucoz.ru,Female,Developer IV
606,Tam,Meriguet,tmeriguetgt@squarespace.com,Agender,Help Desk Technician
607,Jenny,Weafer,jweafergu@nsw.gov.au,Female,Help Desk Technician
608,Lennard,Ventura,,Male,Administrative Assistant I
609,Marylynne,Gallehawk,mgallehawkgw@ucsd.edu,Female,Recruiting Manager
610,Montague,,mjestegx@wordpress.org,Polygender,Web Developer IV
611,Garv,Clink,gclinkgy@rakuten.co.jp,Male,Mechanical Systems Engineer
612,Alley,Hodgen,ahodgengz@fastcompany.com,,
613,Emlyn,Bannell,,Female,Marketing Assistant
614,Nina,Rubega,nrubegah1@ucoz.ru,Female,Research Nurse
615,Adore,Arni,aarnih2@clickbank.net,Female,Office Assistant III
616,Emyle,Osorio,eosorioh3@squarespace.com,Female,Community Outreach Specialist
617,Jazmin,Bucknill,,Female,Help Desk Operator
618,Berke,Ubee,bubeeh5@tiny.cc,Male,Assistant Media Planner
619,Ric,Hessay,rhessayh6@themeforest.net,Male,Compensation Analyst
,Gertrud,Osmint,gosminth7@csmonitor.com,Female,GIS Technical Architect
621,Antons,Berrill,,Male,Geologist IV
622,Vannie,Luckett,vlucketth9@bbc.co.uk,Female,Administrative Officer
623,Martynne,Romaynes,,Female,VP Accounting
,Conney,Presman,cpresmanhb@tripod.com,Male,Human Resources Assistant IV
625,Salaidh,De Cristofalo,sdecristofalohc@hao123.com,Female,Engineer II
626,Dorette,Hallmark,,Female,Software Engineer II
627,Lillian,Lazar,llazarhe@sina.com.cn,,Nurse
628,Bambi,Symons,bsymonshf@msn.com,Female,Chief Design Engineer
629,Gregory,Goter,ggoterhg@de.vu,Male,Clinical Specialist
630,Philip,Barhems,pbarhemshh@intel.com,Male,Human Resources Manager
631,Celinka,Fairbridge,cfairbridgehi@twitter.com,Female,Marketing Assistant
632,Blakelee,Bennit,bbennithj@slate.com,Female,Assistant Media Planner
633,Waylin,Swansbury,wswansburyhk@howstuffworks.com,Male,Civil Engineer
634,Edsel,MacDermand,emacdermandhl@aboutads.info,Male,Recruiter
635,Kip,Vernay,,Female,Project Manager
636,Jeffie,Ellerey,,Male,Programmer II
637,Saxe,Walder,swalderho@altervista.org,Male,Human Resources Manager
638,Angele,Meadmore,ameadmorehp@squarespace.com,Female,Account Executive
639,Waldo,Lusher,wlusherhq@sourceforge.net,,Developer II
640,Thorndike,Doni,tdonihr@prlog.org,Male,Quality Engineer
641,Jerri,Ludye,jludyehs@ucoz.com,Male,Software Engineer III
642,Berke,Gascoine,,Male,Account Executive
643,Saree,Babalola,sbabalolahu@nbcnews.com,Female,Physical Therapy Assistant
644,Caz,Rootes,crooteshv@github.io,Male,Programmer II
645,Dorice,Dwire,ddwirehw@answers.com,Female,Nurse Practicioner
646,Kipper,McKillop,kmckillophx@economist.com,Male,Software Consultant
647,Curtice,Calven,ccalvenhy@youtube.com,Male,Software Consultant
648,Pietro,Meert,pmeerthz@ovh.net,Male,Editor
649,Marquita,Posen,mposeni0@geocities.com,Female,Accounting Assistant III
650,Dana,Drivers,ddriversi1@house.gov,Female,
651,Zahara,McFeat,zmcfeati2@home.pl,Female,Graphic Designer
652,Jayson,Curuclis,jcuruclisi3@cafepress.com,Male,Human Resources Assistant IV
653,Fleur,Werrett,fwerretti4@symantec.com,Female,Executive Secretary
654,Gabby,Wasselin,gwasselini5@google.com.br,Non-binary,Operator
655,Ives,Champneys,ichampneysi6@ucoz.com,Polygender,Tax Accountant
656,Tana,Slipper,tslipperi7@google.es,Female,Community Outreach Specialist
657,Tiffani,Swaddle,,Female,Statistician IV
658,Tressa,Sergeaunt,,Female,
659,Editha,Keirle,,Female,Nurse Practicioner
660,Wiatt,Commucci,,Male,Technical Writer
661,Hamnet,Kief,,Male,
662,Pet,Wolfe,pwolfeid@yandex.ru,,Librarian
663,Vinny,Banthorpe,vbanthorpeie@un.org,Male,Programmer III
664,Pearce,Nowakowska,pnowakowskaif@webeden.co.uk,,Programmer III
,Sanders,Tingcomb,stingcombig@europa.eu,Male,Senior Financial Analyst
666,Abel,Tooby,atoobyih@home.pl,Male,Office Assistant II
667,Rouvin,Jendricke,rjendrickeii@rediff.com,Male,Nurse Practicioner
668,Adlai,Ankrett,aankrettij@fema.gov,Male,Senior Cost Accountant
669,Gui,Stuckey,gstuckeyik@ft.com,Female,Community Outreach Specialist
670,Udale,Selwood,uselwoodil@indiegogo.com,Male,Physical Therapy Assistant
671,,Feldmann,ifeldmannim@economist.com,Male,Editor
672,Terrill,Decourcy,tdecourcyin@rediff.com,Male,VP Product Management
673,Panchito,Godbert,pgodbertio@g.co,Male,Programmer Analyst III
674,Elijah,Capstick,ecapstickip@wp.com,Male,VP Accounting
675,Tamera,Robiou,,Female,Account Executive
676,Cissiee,Milch,cmilchir@economist.com,,Senior Editor
677,Jeffy,Dengate,jdengateis@wordpress.org,Male,Senior Financial Analyst
678,Cherilynn,,ccorradettiit@trellian.com,,Librarian
679,Horacio,Prigg,hpriggiu@ebay.co.uk,Male,Cost Accountant
680,Adda,Goldson,agoldsoniv@symantec.com,Female,Recruiter
681,Shelby,Mouton,smoutoniw@bbb.org,Male,Associate Professor
682,Klement,Reddish,,Male,Graphic Designer
683,Agnesse,Ryder,,Female,Information Systems Manager
684,Roseanne,Hurrell,rhurrelliz@walmart.com,Female,
685,Siegfried,Donnell,sdonnellj0@tmall.com,Male,Associate Professor
686,Claude,Loftin,,Female,Structural Engineer
687,Der,Cashin,dcashinj2@amazon.co.uk,Male,Nurse Practicioner
688,Rochelle,Extill,rextillj3@diigo.com,Female,Executive Secretary
689,,Fake,rfakej4@ocn.ne.jp,,Human Resources Manager
690,Culley,Bloxsom,cbloxsomj5@ameblo.jp,Genderfluid,VP Sales
691,Marisa,Illem,millemj6@myspace.com,Female,Software Consultant
692,Teddie,Jepperson,tjeppersonj7@hatena.ne.jp,Male,Nuclear Power Engineer
693,Howard,,hlindwasserj8@baidu.com,Male,Design Engineer
694,Raina,Issacoff,,Female,
695,Aubry,Furtado,afurtadoja@hud.gov,,Actuary
696,Darcie,McKitterick,dmckitterickjb@blogger.com,Female,Help Desk Technician
697,Edna,Aish,eaishjc@yahoo.co.jp,Female,Staff Accountant I
698,Alvie,Gallaway,,,Programmer Analyst IV
699,Thorsten,O' Quirk,toquirkje@google.fr,Male,GIS Technical Architect
700,Corene,Guillotin,cguillotinjf@lulu.com,Female,Research Associate
701,Aurthur,Sussex,asussexjg@plala.or.jp,Male,Technical Writer
702,Rainer,Tribell,rtribelljh@com.com,Male,Senior Cost Accountant
703,Richard,Olensby,rolensbyji@purevolume.com,Male,GIS Technical Architect
704,Noach,Surgeon,nsurgeonjj@smugmug.com,Male,Product Engineer
705,Kev,De Bell,kdebelljk@smugmug.com,Genderqueer,Mechanical Systems Engineer
706,Amanda,Capeling,acapelingjl@constantcontact.com,Female,
707,Gardy,Whiffin,gwhiffinjm@reuters.com,,Software Consultant
708,Venus,O'Noland,vonolandjn@ovh.net,,General Manager
709,Talia,Nowill,tnowilljo@amazonaws.com,Female,Account Representative II
710,Nolan,Ruskin,nruskinjp@xinhuanet.com,Male,Senior Financial Analyst
711,Elbertina,D'Aguanno,edaguannojq@tiny.cc,Female,Human Resources Assistant III
712,Trumaine,Ferrarini,tferrarinijr@facebook.com,Male,Analog Circuit Design manager
713,Nichols,Doerling,,,Community Outreach Specialist
714,Gabie,Danieli,gdanielijt@nifty.com,Bigender,Assistant Media Planner
715,Noach,Rentilll,,Male,Product Engineer
716,Kris,Coogan,kcooganjv@tamu.edu,Male,Executive Secretary
717,Silvana,Alebrooke,salebrookejw@imgur.com,Female,Account Executive
718,Hoebart,Garbutt,hgarbuttjx@blogspot.com,,Account Coordinator
719,Raye,Quantick,,,Account Coordinator
720,Chandler,Coghlan,ccoghlanjz@usa.gov,Agender,VP Marketing
721,Dmitri,Olver,,Male,Product Engineer
722,Cole,Burgan,cburgank1@gov.uk,Male,Human Resources Assistant III
723,Oberon,Bewfield,obewfieldk2@imageshack.us,Male,Electrical Engineer
724,Denni,Glavin,,Non-binary,
725,Petey,Kleinholz,,Male,Account Coordinator
726,Valene,Sitlington,,Female,Occupational Therapist
727,Gamaliel,Jearum,gjearumk6@exblog.jp,Male,Biostatistician IV
728,Jessi,Braund,jbraundk7@google.co.jp,Female,Database Administrator IV
729,Meaghan,Poznanski,mpoznanskik8@exblog.jp,Female,Electrical Engineer
,Paloma,Maine,pmainek9@bloglines.com,Female,Analyst Programmer
731,Glen,Weatherhogg,gweatherhoggka@prlog.org,Male,Marketing Manager
732,Ennis,Brimble,ebrimblekb@fotki.com,Male,
733,Ingrim,Hatherleigh,ihatherleighkc@tinypic.com,Male,Marketing Assistant
734,Janna,Longea,jlongeakd@bbc.co.uk,,Tax Accountant
735,Andy,Folkard,afolkardke@earthlink.net,Male,
736,Scotti,Vere,,Male,Tax Accountant
737,Mario,Neely,mneelykg@ucla.edu,Male,Systems Administrator IV
738,Blinny,Bruckner,bbrucknerkh@1und1.de,Female,Data Coordinator
739,Gibbie,Shoreson,gshoresonki@abc.net.au,Male,Programmer IV
740,Mathilde,Van Arsdalen,,,General Manager
741,Marybeth,Molloy,mmolloykk@ucoz.ru,Female,Software Test Engineer I
742,Kimberlee,Rupke,krupkekl@ft.com,Female,Help Desk Operator
743,Danell,,dmatteriskm@nationalgeographic.com,Female,Senior Developer
744,Carny,Balsdone,cbalsdonekn@bluehost.com,Male,Operator
745,Reider,Polycote,rpolycoteko@hhs.gov,Male,Senior Sales Associate
746,Lyman,Ballentime,lballentimekp@dedecms.com,Male,Chief Design Engineer
747,Ki,Ratt,krattkq@uiuc.edu,Female,Media Manager IV
748,Lindsey,Gorger,lgorgerkr@timesonline.co.uk,Male,Information Systems Manager
749,Lura,Bezley,lbezleyks@ning.com,Female,Analog Circuit Design manager
750,,Hoffmann,bhoffmannkt@yellowbook.com,Male,General Manager
751,Georgiana,Ferrarello,gferrarelloku@elpais.com,Female,
752,Artie,Georgelin,ageorgelinkv@independent.co.uk,Bigender,Editor
753,Toma,Matson,,Female,Tax Accountant
754,Olia,Broader,obroaderkx@last.fm,Female,Teacher
755,Kenny,Shimony,kshimonyky@mozilla.org,Male,Compensation Analyst
756,Lyssa,McArdell,lmcardellkz@taobao.com,Female,Information Systems Manager
757,Claude,Smaile,csmailel0@fastcompany.com,Female,
758,Rabi,Goschalk,,Genderfluid,GIS Technical Architect
759,Yolanthe,Daley,ydaleyl2@google.pl,Female,Office Assistant III
760,Nessa,Shankster,nshanksterl3@shareasale.com,Female,Social Worker
761,Enid,Eastwell,eeastwelll4@cbslocal.com,Female,
762,Kelcey,Poundford,kpoundfordl5@google.ru,Female,Professor
763,Jamal,Freeborne,jfreebornel6@msn.com,Male,Computer Systems Analyst III
764,,Murdy,imurdyl7@walmart.com,Bigender,
765,Sybila,Ventris,sventrisl8@elegantthemes.com,Female,Desktop Support Technician
766,Alethea,Della Scala,adellascalal9@nyu.edu,Female,Sales Associate
767,Dallis,Ofen,dofenla@vimeo.com,Male,
768,Rayshell,Dinkin,rdinkinlb@gizmodo.com,,Staff Scientist
769,Rickie,Ledur,rledurlc@g.co,Male,Senior Sales Associate
770,Morty,,mmacgebenayld@cam.ac.uk,Male,Staff Accountant III
771,Aeriel,Calton,acaltonle@ebay.com,Genderqueer,Senior Developer
772,Nolie,Du Fray,ndufraylf@ca.gov,Female,Professor
773,Devora,O'Cahsedy,docahsedylg@time.com,Female,
774,Buddy,Phair,,Male,
775,,Dinsey,,Male,Data Coordinator
776,Vilma,Allston,vallstonlj@ox.ac.uk,Female,Administrative Officer
777,Kenneth,Faull,kfaulllk@simplemachines.org,Male,Software Engineer IV
778,Laraine,Greatreax,lgreatreaxll@surveymonkey.com,Female,Accounting Assistant II
779,Humberto,Edmett,hedmettlm@usa.gov,Male,Information Systems Manager
780,Merissa,Giddings,mgiddingsln@newyorker.com,,Computer Systems Analyst I
781,Lynnett,Wiltshaw,lwiltshawlo@va.gov,Female,Geologist I
782,Wallace,Fattorini,,Male,
783,Port,Cotterrill,pcotterrilllq@noaa.gov,Male,Accounting Assistant II
784,Tades,Shreve,,Male,Automation Specialist III
785,Nancee,Castellucci,ncastelluccils@youtube.com,Female,Nurse Practicioner
786,Corinna,Yushmanov,cyushmanovlt@umich.edu,Female,
787,Madelle,Sharply,msharplylu@npr.org,Agender,Junior Executive
788,Benjamin,Kernan,,Male,
789,Mackenzie,Betun,mbetunlw@gov.uk,Male,Civil Engineer
790,Viviyan,Echallie,vechallielx@who.int,Female,
791,Gretal,Eccles,gecclesly@about.me,Female,VP Quality Control
792,Barth,Sanderson,bsandersonlz@google.com.br,,Design Engineer
793,Addison,Elvish,aelvishm0@un.org,Polygender,Staff Accountant I
794,Kalila,McClaren,kmcclarenm1@disqus.com,Female,
795,Hagan,Quilty,,Male,Geological Engineer
796,Neall,Fewster,nfewsterm3@cnet.com,Genderfluid,
797,Windham,Edds,,Male,Data Coordinator
798,Beverlee,Trevenu,,Non-binary,Senior Cost Accountant
799,Madelin,Wetter,mwetterm6@digg.com,Female,Chief Design Engineer
800,Viki,Bafford,vbaffordm7@phoca.cz,Female,Data Coordinator
801,Cole,Padkin,cpadkinm8@mozilla.com,,Actuary
802,Naomi,Noden,nnodenm9@creativecommons.org,Female,VP Sales
803,Corty,Daviddi,cdaviddima@google.com.br,Male,Senior Financial Analyst
804,Leonhard,Bisley,lbisleymb@netvibes.com,Male,Project Manager
805,Art,Lacknor,alacknormc@upenn.edu,Male,GIS Technical Architect
806,Harriett,Rennebeck,hrennebeckmd@technorati.com,Female,VP Product Management
807,Dulciana,Myall,dmyallme@latimes.com,Female,Professor
808,Maryrose,Coverlyn,mcoverlynmf@nature.com,Female,Compensation Analyst
809,Elane,Gaul,,Female,Financial Analyst
810,Delmor,Screwton,dscrewtonmh@networkadvertising.org,Male,
811,Merci,Guice,mguicemi@photobucket.com,Female,Account Coordinator
812,Guinna,Hounsom,ghounsommj@mtv.com,Female,Help Desk Technician
813,Ola,Towlson,otowlsonmk@cnbc.com,Female,Assistant Media Planner
814,Melvyn,Yakobovitz,myakobovitzml@economist.com,Male,
815,Kaitlin,McMurthy,kmcmurthymm@diigo.com,Female,Analyst Programmer
816,Hyacinthe,Pearl,hpearlmn@ocn.ne.jp,Polygender,Accountant I
817,Caron,Macilhench,cmacilhenchmo@yale.edu,Female,
818,Cristie,Stealy,cstealymp@wikipedia.org,Genderqueer,Accounting Assistant II
819,Anna-diana,Cleen,acleenmq@squidoo.com,Female,Speech Pathologist
820,Sherri,Merveille,smerveillemr@cloudflare.com,Female,Librarian
821,Carri,Stretton,,Female,Paralegal
822,Margalo,Benaine,,Female,Staff Accountant IV
823,Cathee,Cuffin,ccuffinmu@printfriendly.com,Female,Assistant Professor
824,Chevy,Bryden,cbrydenmv@samsung.com,Male,Account Coordinator
825,Coretta,Eymor,,Female,Recruiting Manager
826,Georgeanna,Hub,,Female,Physical Therapy Assistant
827,Kendal,Lambe,klambemy@acquirethisname.com,,Physical Therapy Assistant
828,Ulla,Mora,umoramz@sfgate.com,Female,Data Coordinator
829,Ethel,Pridham,epridhamn0@china.com.cn,Female,Electrical Engineer
830,Jorgan,Meaden,jmeadenn1@4shared.com,Male,Registered Nurse
831,Riannon,Tring,rtringn2@sitemeter.com,Female,Legal Assistant
832,Gerri,Koba,gkoban3@dropbox.com,Male,Programmer Analyst I
833,Fifine,Brigden,fbrigdenn4@wix.com,Genderqueer,Nurse Practicioner
834,My,Slocket,mslocketn5@weather.com,Male,Pharmacist
,Binnie,Martusov,bmartusovn6@umn.edu,Genderfluid,Legal Assistant
836,Carri,Jan,cjann7@dmoz.org,Female,Financial Advisor
837,Lynett,Giacomello,lgiacomellon8@live.com,Female,Project Manager
838,Rolland,Walden,rwaldenn9@symantec.com,Male,GIS Technical Architect
839,Cynthia,Meeland,,Female,Geologist I
840,Archibaldo,Blinerman,ablinermannb@mtv.com,Male,
841,Avery,De Laci,adelacinc@joomla.org,Male,Payment Adjustment Coordinator
842,Rosamund,Reynault,,,Programmer Analyst IV
843,Lurline,Scallon,lscallonne@google.co.jp,Female,
844,Ellyn,Woolaston,ewoolastonnf@tripod.com,Female,Nuclear Power Engineer
845,Dukey,McTrusty,dmctrustyng@spotify.com,Male,Human Resources Manager
846,Guendolen,Blampied,gblampiednh@alibaba.com,Female,Engineer III
847,Megen,Coundley,mcoundleyni@nih.gov,Female,Programmer I
848,Madlen,Cosans,mcosansnj@google.com.au,Female,Structural Engineer
849,Andrej,Groucock,agroucocknk@sogou.com,Male,
,Engelbert,Pendlington,ependlingtonnl@tinyurl.com,Agender,Structural Engineer
851,Jaine,Sambeck,jsambecknm@ebay.co.uk,Female,Account Coordinator
852,Angelika,Roft,aroftnn@hud.gov,Female,VP Product Management
,Burch,Woodworth,bwoodworthno@reddit.com,Male,Associate Professor
854,Sterne,Maud,smaudnp@fc2.com,Male,VP Marketing
855,Garik,Holgan,gholgannq@si.edu,Male,Payment Adjustment Coordinator
856,Cullen,Croser,ccrosernr@chron.com,Male,Geologist III
857,Ashly,Mugford,amugfordns@ibm.com,Female,Office Assistant IV
,Curt,Sivyour,,Male,Human Resources Manager
859,Richard,Meese,,Male,Assistant Professor
860,Johannes,Eliez,jelieznv@taobao.com,Male,Human Resources Assistant II
861,Chan,Ewen,,Male,Human Resources Assistant I
862,Jeanna,Spore,jsporenx@de.vu,Genderqueer,
863,Gena,Vedmore,gvedmoreny@disqus.com,,Teacher
864,Haily,Bonefant,hbonefantnz@storify.com,Male,Community Outreach Specialist
865,Gipsy,Esley,gesleyo0@buzzfeed.com,Female,Information Systems Manager
866,Adiana,MacCallum,amaccallumo1@163.com,Female,Structural Engineer
867,Valentina,Deners,vdenerso2@meetup.com,Polygender,Developer III
868,Katey,Penticoot,kpenticooto3@themeforest.net,Female,Structural Engineer
869,Harrie,Dey,hdeyo4@abc.net.au,Female,Product Engineer
870,Sofie,Dowse,,Female,Automation Specialist IV
871,Katinka,Moody,kmoodyo6@howstuffworks.com,,Design Engineer
872,Helaine,Ovesen,hoveseno7@independent.co.uk,,Web Designer I
,Judith,Forre,jforreo8@jiathis.com,Female,Systems Administrator II
874,Shannen,Wicks,swickso9@csmonitor.com,Female,Structural Analysis Engineer
875,Candice,Marian,cmarianoa@tinypic.com,Female,Computer Systems Analyst III
876,Frazer,Bhatia,fbhatiaob@washington.edu,Male,Accounting Assistant IV
877,Charlean,Saffran,,Female,Nurse
878,Andres,Launchbury,alaunchburyod@taobao.com,Male,Account Executive
,Marielle,Ellingworth,mellingworthoe@nasa.gov,Female,Office Assistant II
880,Lynnell,Loosemore,lloosemoreof@twitpic.com,Female,Automation Specialist III
,Carlynne,Cook,ccookog@newyorker.com,Female,
882,Camellia,Danell,cdanelloh@so-net.ne.jp,Female,Professor
883,Aylmar,Althrope,aalthropeoi@posterous.com,Male,Chief Design Engineer
884,Rurik,Chidwick,rchidwickoj@imdb.com,Male,Assistant Professor
885,,Possel,hposselok@blinklist.com,Female,Financial Advisor
886,Dino,Bickmore,dbickmoreol@wired.com,Male,Marketing Assistant
887,Deedee,Huthart,dhuthartom@gnu.org,Female,Recruiting Manager
888,,Desporte,,,Desktop Support Technician
889,Kippie,Andrich,kandrichoo@google.it,Male,Paralegal
890,Kalinda,Arghent,,Female,Tax Accountant
,Aime,Hames,ahamesoq@globo.com,Genderfluid,Marketing Manager
,Parnell,Ashbe,pashbeor@nytimes.com,Male,Payment Adjustment Coordinator
893,Purcell,Barnish,pbarnishos@usa.gov,Male,Programmer III
894,Janek,Roston,jrostonot@google.com.br,Male,Environmental Specialist
895,Arney,Cypler,acyplerou@plala.or.jp,Genderqueer,Research Nurse
896,Abby,Broom,abroomov@alexa.com,Male,VP Marketing
897,,Suthren,osuthrenow@arizona.edu,Female,
898,Angus,Lancastle,alancastleox@tiny.cc,Male,Compensation Analyst
899,Bibbie,Papen,bpapenoy@sourceforge.net,Female,Administrative Assistant I
900,Artair,Janiszewski,ajaniszewskioz@state.gov,Male,Systems Administrator III
901,Lezley,Wyndham,lwyndhamp0@technorati.com,,Data Coordinator
902,Roth,Barritt,rbarrittp1@china.com.cn,,Marketing Assistant
903,Lionello,Inggall,linggallp2@telegraph.co.uk,Male,Junior Executive
904,Larina,Anstice,lansticep3@sourceforge.net,Female,Human Resources Manager
905,Onofredo,Hallan,ohallanp4@craigslist.org,Male,Pharmacist
906,Jaynell,Rubinsky,jrubinskyp5@unc.edu,Agender,VP Sales
907,Marlee,Northway,mnorthwayp6@auda.org.au,Female,Clinical Specialist
908,Guinna,Hill,ghillp7@hubpages.com,Female,Account Representative II
909,Gilbertina,Lowdes,glowdesp8@slate.com,Female,GIS Technical Architect
910,Arvin,Fardo,afardop9@sourceforge.net,Agender,Director of Sales
911,Rahel,Pidcock,,,Legal Assistant
912,Scottie,Janca,sjancapb@liveinternet.ru,Male,Nuclear Power Engineer
913,King,Coppard,kcoppardpc@networkadvertising.org,Polygender,Nuclear Power Engineer
914,Larry,Dunnaway,ldunnawaypd@simplemachines.org,Male,Statistician I
915,Law,Imlen,limlenpe@liveinternet.ru,Genderqueer,Account Coordinator
916,Gabriel,Rowena,growenapf@jalbum.net,Male,
917,Mikaela,Hallybone,mhallybonepg@dailymail.co.uk,Female,Programmer II
918,Kalil,Pillifant,kpillifantph@theguardian.com,Male,Database Administrator II
919,Langsdon,Lutzmann,llutzmannpi@blogger.com,Male,Information Systems Manager
920,Cindi,Curson,ccursonpj@jigsy.com,Female,Recruiting Manager
921,Tammy,Dederich,tdederichpk@earthlink.net,Male,Chief Design Engineer
922,Matthiew,McVey,mmcveypl@slideshare.net,Male,Administrative Assistant II
923,Kimberlee,Plumb,kplumbpm@pbs.org,Female,Database Administrator II
924,Kayne,Audus,kauduspn@miitbeian.gov.cn,Male,Recruiting Manager
925,Berget,Asmus,basmuspo@tripadvisor.com,Polygender,
926,Hartwell,Cussen,hcussenpp@java.com,Male,Human Resources Manager
927,Federico,Diviney,fdivineypq@cdc.gov,Male,Clinical Specialist
928,Ignace,Bolderson,iboldersonpr@technorati.com,Male,Computer Systems Analyst I
929,Warren,Beckett,wbeckettps@angelfire.com,Male,Account Representative IV
930,Inge,Peaden,ipeadenpt@jimdo.com,Female,Quality Engineer
931,Nichol,Biddlestone,nbiddlestonepu@typepad.com,Female,Geologist I
932,Nolie,Skylett,nskylettpv@tripadvisor.com,Genderfluid,
933,Fred,Haldenby,fhaldenbypw@ow.ly,Male,Programmer III
934,Curran,Sottell,csottellpx@moonfruit.com,Male,Budget/Accounting Analyst IV
935,Christopher,Bezants,cbezantspy@youku.com,Non-binary,GIS Technical Architect
936,Merrily,Lickess,,Female,Assistant Professor
937,Inna,Chace,ichaceq0@ed.gov,Female,Human Resources Manager
938,Diandra,Tordiffe,dtordiffeq1@examiner.com,Female,Environmental Specialist
939,Marietta,Dominichetti,,,Web Developer IV
940,Mersey,Pinkie,,Female,Media Manager III
941,Milt,Snare,msnareq4@reverbnation.com,Male,Social Worker
942,Lanny,Foskew,lfoskewq5@domainmarket.com,Male,Compensation Analyst
,Norine,Otto,nottoq6@technorati.com,Female,Research Nurse
944,Olin,Linggard,olinggardq7@foxnews.com,Male,Environmental Tech
945,Trudey,Christofle,tchristofleq8@prlog.org,Female,Paralegal
,Teddy,Samweyes,tsamweyesq9@blogspot.com,Genderfluid,Account Coordinator
947,Smitty,Kerbey,skerbeyqa@uiuc.edu,,
948,Lem,Blackly,lblacklyqb@acquirethisname.com,Male,Actuary
949,Roosevelt,Cluatt,rcluattqc@oracle.com,Male,Cost Accountant
950,Stavros,Keddie,skeddieqd@bloomberg.com,Male,
951,Hal,Norvel,hnorvelqe@youku.com,Male,Senior Financial Analyst
952,Priscella,Lakenton,,Female,Librarian
,Shayla,Morgen,smorgenqg@washingtonpost.com,Female,Software Test Engineer I
954,Geordie,Nealand,,Male,
955,Bianka,Fetherston,bfetherstonqi@harvard.edu,Female,Assistant Media Planner
956,Arie,Dooher,adooherqj@deviantart.com,Male,
957,Kym,Hessing,khessingqk@macromedia.com,,Senior Financial Analyst
958,Hervey,Skein,hskeinql@wordpress.com,Male,Help Desk Operator
959,Margit,Muckeen,mmuckeenqm@spiegel.de,Polygender,Senior Editor
960,Aube,Hawkey,ahawkeyqn@washington.edu,Male,Computer Systems Analyst III
,Lanni,Gleder,lglederqo@clickbank.net,Female,GIS Technical Architect
962,Eugene,Hellmore,,Male,Speech Pathologist
963,Devon,Stenhouse,dstenhouseqq@etsy.com,Female,Senior Developer
,Clemente,Sheather,csheatherqr@nbcnews.com,Male,Product Engineer
965,Ad,Caff,acaffqs@skyrock.com,Male,Engineer I
966,Niven,Kilday,nkildayqt@geocities.com,Male,Chief Design Engineer
967,Simone,Phillippo,sphillippoqu@fema.gov,Male,Human Resources Manager
968,Thorndike,Kimm,tkimmqv@cargocollective.com,Male,Pharmacist
969,Stefano,,sphillcockqw@mayoclinic.com,Male,Web Developer I
970,Margarette,Castleman,mcastlemanqx@cnet.com,,
971,Julieta,Westcott,jwestcottqy@dell.com,Female,Actuary
972,Chelsea,Erb,cerbqz@marriott.com,Female,Community Outreach Specialist
973,Andeee,Nunnery,anunneryr0@tripadvisor.com,Female,Physical Therapy Assistant
974,Ivan,Seide,iseider1@ihg.com,Male,Office Assistant III
975,Arlene,Cuseck,acuseckr2@washingtonpost.com,Female,Assistant Media Planner
976,Cynthie,Kolushev,ckolushevr3@last.fm,Female,Nurse Practicioner
977,Carmella,Ropartz,cropartzr4@europa.eu,Female,
978,Phylis,Vasyatkin,pvasyatkinr5@mapy.cz,,
979,Daniel,Harrap,,,
980,Humberto,Burnell,hburnellr7@state.gov,Male,Mechanical Systems Engineer
981,Stacee,Goodricke,sgoodricker8@weebly.com,Male,Software Consultant
982,Angie,Cartmel,acartmelr9@ning.com,Female,Civil Engineer
983,,Limeburn,nlimeburnra@google.cn,,Chemical Engineer
,Xever,Kersting,xkerstingrb@narod.ru,Male,
985,Marchelle,Walas,mwalasrc@cbslocal.com,Female,Human Resources Manager
986,Windham,Salvidge,wsalvidgerd@java.com,Male,Marketing Manager
987,,Klimaszewski,gklimaszewskire@vk.com,,Speech Pathologist
988,Clywd,McKeaveney,cmckeaveneyrf@earthlink.net,Male,Senior Financial Analyst
989,Mateo,Chastelain,mchastelainrg@baidu.com,Male,Quality Control Specialist
990,Tiphany,Mallaby,tmallabyrh@samsung.com,Female,Nurse
991,Zolly,Whiterod,zwhiterodri@domainmarket.com,Male,Automation Specialist III
992,Rad,Leabeater,rleabeaterrj@creativecommons.org,Male,Design Engineer
,Amos,Linbohm,alinbohmrk@studiopress.com,Male,Food Chemist
994,Duncan,O'Hartnett,dohartnettrl@scientificamerican.com,,Product Engineer
995,Leonardo,Deakes,ldeakesrm@zdnet.com,Male,Professor
996,Grata,Hawkslee,ghawksleern@dedecms.com,Female,Dental Hygienist
997,Brandy,Heyfield,,Female,Account Coordinator
998,Conroy,Maymand,,Male,Nurse Practicioner
999,Harvey,Gallyon,hgallyonrq@merriam-webster.com,Male,
1000,Hugibert,Yushin,,Male,Operator
